2018-02-27 00:48:18,80.2231,1331.9275,16.6028
2018-02-27 00:48:48,80.2279,1331.8475,16.6008
2018-02-27 00:49:18,80.2184,1331.69,16.6008
2018-02-27 00:49:49,80.1998,1331.6375,16.604
2018-02-27 00:50:20,80.2059,1331.7625,16.6043
2018-02-27 00:50:51,80.2306,1331.8275,16.6
2018-02-27 00:51:22,80.2336,1331.8775,16.6
2018-02-27 00:51:52,80.2288,1331.7975,16.6
2018-02-27 00:52:24,80.2231,1331.7675,16.6008
2018-02-27 00:52:55,80.2448,1331.7425,16.596
2018-02-27 00:53:26,80.2211,1331.43,16.597
2018-02-27 00:53:57,80.212,1331.6,16.601
2018-02-27 00:54:27,80.2305,1331.505,16.596
2018-02-27 00:54:58,80.2279,1331.5425,16.597
2018-02-27 00:55:29,80.2351,1331.5575,16.5957
2018-02-27 00:56:00,80.2203,1331.52,16.5983
2018-02-27 00:56:30,80.2399,1331.525,16.5943
2018-02-27 00:57:01,80.2262,1331.515,16.597
2018-02-27 00:57:32,80.2225,1331.4525,16.597
2018-02-27 00:58:03,80.2061,1331.405,16.5998
2018-02-27 00:58:34,80.2145,1331.28,16.5965
2018-02-27 00:59:05,80.2523,1331.4425,16.5907
2018-02-27 00:59:36,80.2237,1331.16,16.5931
2018-02-27 01:00:07,80.2119,1330.835,16.5915
2018-02-27 01:00:38,80.2073,1330.9525,16.5939
2018-02-27 01:01:09,80.2094,1330.9875,16.5939
2018-02-27 01:01:40,80.2155,1331.015,16.593
2018-02-27 01:02:11,80.2156,1330.9775,16.5925
2018-02-27 01:02:42,80.2083,1330.96,16.5938
2018-02-27 01:03:13,80.2121,1330.96,16.593
2018-02-27 01:03:44,80.2206,1330.7,16.588
2018-02-27 01:04:16,80.2266,1330.96,16.59
2018-02-27 01:04:46,80.224,1330.755,16.588
2018-02-27 01:05:18,80.237,1330.675,16.5843
2018-02-27 01:05:49,80.2257,1330.8475,16.5888
2018-02-27 01:06:20,80.2425,1330.765,16.5843
2018-02-27 01:36:37,80.2355,1330.8025,16.5862
2018-02-27 02:06:50,80.0962,1332.4,16.635
2018-02-27 02:21:48,80.1863,1331.975,16.611
2018-02-27 02:22:19,80.187,1331.9625,16.6107
2018-02-27 02:22:50,80.1829,1331.8775,16.6105
2018-02-27 02:23:22,80.1528,1331.6025,16.6133
2018-02-27 02:23:52,80.1706,1331.45,16.6077
2018-02-27 02:24:23,80.1633,1331.4325,16.609
2018-02-27 02:24:55,80.2047,1331.535,16.6017
2018-02-27 02:25:25,80.1692,1331.45,16.608
2018-02-27 02:25:57,80.1706,1331.4325,16.6075
2018-02-27 02:26:28,80.1767,1331.415,16.606
2018-02-27 02:26:59,80.2126,1331.61,16.601
2018-02-27 02:27:30,80.197,1331.495,16.6028
2018-02-27 02:28:02,80.1976,1331.505,16.6028
2018-02-27 02:28:33,80.2009,1331.615,16.6035
2018-02-27 02:29:05,80.2046,1331.4125,16.6002
2018-02-27 02:29:36,80.2056,1331.4775,16.6008
2018-02-27 02:30:08,80.1967,1331.49,16.6028
2018-02-27 02:30:38,80.2187,1331.31,16.596
2018-02-27 02:31:09,80.1815,1331.27,16.6032
2018-02-27 02:31:40,80.2269,1331.365,16.595
2018-02-27 02:32:11,80.2196,1331.445,16.5975
2018-02-27 02:32:41,80.2106,1331.295,16.5975
2018-02-27 02:33:12,80.2055,1331.21,16.5975
2018-02-27 02:33:44,80.1851,1331.1125,16.6005
2018-02-27 02:34:15,80.1854,1331.1425,16.6008
2018-02-27 02:34:45,80.1761,1331.1475,16.6028
2018-02-27 02:35:15,80.1591,1330.9625,16.604
2018-02-27 02:35:46,80.2026,1330.9625,16.595
2018-02-27 02:36:17,80.1965,1331.085,16.5978
2018-02-27 02:36:48,80.2106,1330.935,16.593
2018-02-27 02:37:19,80.1914,1330.9775,16.5975
2018-02-27 02:37:50,80.217,1331.065,16.5933
2018-02-27 02:38:20,80.2205,1331.1225,16.5933
2018-02-27 02:38:51,80.2208,1331.1675,16.5938
2018-02-27 02:39:23,80.2231,1331.0625,16.592
2018-02-27 02:39:53,80.2163,1331.11,16.594
2018-02-27 02:40:24,80.1632,1331.11,16.605
2018-02-27 02:40:56,80.1812,1331.1125,16.6013
2018-02-27 02:41:26,80.208,1331.0925,16.5955
2018-02-27 02:41:57,80.2079,1331.09,16.5955
2018-02-27 02:42:28,80.2186,1331.1,16.5934
2018-02-27 02:42:59,80.2561,1331.1675,16.5865
2018-02-27 02:43:30,80.2079,1331.13,16.596
2018-02-27 02:44:00,80.2165,1331.1525,16.5945
2018-02-27 02:44:31,80.2153,1331.1725,16.595
2018-02-27 02:45:01,80.1923,1331.2325,16.6005
2018-02-27 02:45:32,80.213,1331.215,16.596
2018-02-27 02:46:02,80.2201,1331.2925,16.5955
2018-02-27 02:46:33,80.2165,1331.2975,16.5963
2018-02-27 02:47:04,80.2006,1331.29,16.5995
2018-02-27 02:47:35,80.2046,1331.22,16.5978
2018-02-27 02:48:05,80.2097,1331.305,16.5978
2018-02-27 02:48:37,80.1943,1331.065,16.598
2018-02-27 02:49:08,80.2115,1331.11,16.595
2018-02-27 02:49:39,80.2135,1331.1275,16.5948
2018-02-27 02:50:10,80.1839,1331.1325,16.601
2018-02-27 02:50:41,80.1926,1331.02,16.5978
2018-02-27 02:51:11,80.1967,1331.04,16.5972
2018-02-27 02:51:42,80.2058,1331.055,16.5955
2018-02-27 02:52:14,80.2184,1331.1275,16.5938
2018-02-27 03:01:50,80.1945,1331.63,16.605
2018-02-27 03:32:51,80.2426,1332.2525,16.6028
2018-02-27 03:33:21,80.2236,1332.33,16.6077
2018-02-27 04:10:41,80.195,1332.52,16.616
2018-02-27 04:11:12,80.2013,1332.44,16.6137
2018-02-27 04:11:43,80.1965,1332.385,16.614
2018-02-27 04:12:14,80.208,1332.415,16.612
2018-02-27 04:12:45,80.2054,1332.3725,16.612
2018-02-27 04:13:16,80.2096,1332.4425,16.612
2018-02-27 04:13:47,80.2026,1332.31,16.6118
2018-02-27 04:14:18,80.1978,1332.3975,16.6139
2018-02-27 04:14:49,80.2036,1332.4625,16.6135
2018-02-27 04:15:20,80.223,1332.625,16.6115
2018-02-27 04:15:51,80.2318,1332.53,16.6085
2018-02-27 04:16:22,80.2201,1332.5125,16.6107
2018-02-27 04:16:52,80.1991,1332.565,16.6157
2018-02-27 04:17:23,80.2136,1332.6125,16.6133
2018-02-27 04:17:53,80.2203,1332.54,16.611
2018-02-27 04:18:23,80.2103,1332.59,16.6137
2018-02-27 04:18:54,80.1529,1332.5175,16.6247
2018-02-27 04:19:24,80.18,1332.5675,16.6197
2018-02-27 04:19:55,80.1827,1332.6125,16.6197
2018-02-27 04:20:26,80.2031,1332.815,16.618
2018-02-27 04:20:57,80.2106,1332.82,16.6165
2018-02-27 04:21:28,80.1885,1332.8125,16.621
2018-02-27 04:21:59,80.1744,1332.9,16.625
2018-02-27 04:22:30,80.1826,1332.955,16.624
2018-02-27 04:23:01,80.1684,1333,16.6275
2018-02-27 04:23:31,80.178,1333,16.6255
2018-02-27 04:24:01,80.1904,1333.23,16.6258
2018-02-27 04:24:32,80.1935,1333.2975,16.626
2018-02-27 04:25:03,80.2058,1333.445,16.6253
2018-02-27 04:25:33,80.178,1333.52,16.632
2018-02-27 04:26:03,80.176,1333.5025,16.6322
2018-02-27 04:26:35,80.1761,1333.505,16.6322
2018-02-27 04:27:05,80.2165,1333.6,16.625
2018-02-27 04:27:35,80.218,1333.625,16.625
2018-02-27 04:28:06,80.1945,1333.5375,16.6288
2018-02-27 04:28:37,80.1892,1333.6025,16.6307
2018-02-27 04:29:07,80.1627,1333.57,16.6358
2018-02-27 04:29:37,80.1931,1333.515,16.6288
2018-02-27 04:30:08,80.161,1333.5825,16.6363
2018-02-27 04:30:39,80.1621,1333.6325,16.6367
2018-02-27 04:31:10,80.1915,1333.665,16.631
2018-02-27 04:31:40,80.1573,1333.4975,16.636
2018-02-27 04:32:10,80.1786,1333.45,16.631
2018-02-27 04:32:40,80.1561,1333.5575,16.637
2018-02-27 04:33:12,80.1468,1333.4825,16.638
2018-02-27 04:33:42,80.1454,1333.5225,16.6388
2018-02-27 04:34:13,80.1675,1333.57,16.6348
2018-02-27 04:34:44,80.156,1333.46,16.6358
2018-02-27 04:35:15,80.156,1333.5,16.6363
2018-02-27 04:35:45,80.1493,1333.4675,16.6373
2018-02-27 04:36:16,80.1806,1333.3225,16.629
2018-02-27 04:36:48,80.1481,1333.3275,16.6358
2018-02-27 04:37:19,80.1567,1333.47,16.6358
2018-02-27 04:37:49,80.1797,1333.445,16.6307
2018-02-27 04:38:19,80.1502,1333.4025,16.6363
2018-02-27 04:38:50,80.1674,1333.385,16.6325
2018-02-27 04:39:21,80.1524,1333.335,16.635
2018-02-27 04:39:53,80.1622,1333.4175,16.634
2018-02-27 04:40:23,80.1768,1333.5,16.632
2018-02-27 04:40:54,80.1932,1333.4925,16.6285
2018-02-27 04:52:47,80.1423,1333.2875,16.6365
2018-02-27 04:53:17,80.1581,1333.51,16.636
2018-02-27 05:23:01,80.0566,1333.4475,16.6563
2018-02-27 05:53:09,80.0049,1333.185,16.6638
2018-02-27 05:53:39,80.0062,1333.2075,16.6638
2018-02-27 05:54:09,80.0035,1333.195,16.6642
2018-02-27 05:54:40,80.0044,1333.21,16.6642
2018-02-27 05:55:11,79.9996,1333.13,16.6642
2018-02-27 05:55:42,80.002,1333.1925,16.6645
2018-02-27 05:56:12,80.0101,1333.185,16.6627
2018-02-27 05:56:43,79.9863,1333.235,16.6683
2018-02-27 05:57:14,80.0338,1333.3075,16.6593
2018-02-27 05:57:45,80.0182,1333.3025,16.6625
2018-02-27 05:58:16,79.9984,1333.1975,16.6653
2018-02-27 05:58:46,80.0086,1333.28,16.6642
2018-02-27 05:59:19,80.0112,1333.3225,16.6642
2018-02-27 05:59:49,80.0112,1333.3225,16.6642
2018-02-27 06:00:20,80.0112,1333.3225,16.6642
2018-02-27 06:00:51,80.0112,1333.3225,16.6642
2018-02-27 06:01:21,80.0112,1333.3225,16.6642
2018-02-27 06:01:52,80.0112,1333.3225,16.6642
2018-02-27 06:02:22,80.0112,1333.3225,16.6642
2018-02-27 06:02:53,80.0112,1333.3225,16.6642
2018-02-27 06:03:24,80.0112,1333.3225,16.6642
2018-02-27 06:03:54,80.0112,1333.3225,16.6642
2018-02-27 06:04:25,80.0112,1333.3225,16.6642
2018-02-27 06:04:56,80.0112,1333.3225,16.6642
2018-02-27 06:05:26,80.0112,1333.3225,16.6642
2018-02-27 06:05:57,80.0112,1333.3225,16.6642
2018-02-27 06:06:28,80.0112,1333.3225,16.6642
2018-02-27 06:06:58,80.0112,1333.3225,16.6642
2018-02-27 06:07:29,80.0112,1333.3225,16.6642
2018-02-27 06:08:00,80.0112,1333.3225,16.6642
2018-02-27 06:08:31,80.0112,1333.3225,16.6642
2018-02-27 06:09:01,80.0112,1333.3225,16.6642
2018-02-27 06:09:31,80.0112,1333.3225,16.6642
2018-02-27 06:10:03,80.0112,1333.3225,16.6642
2018-02-27 06:10:33,80.0112,1333.3225,16.6642
2018-02-27 06:11:04,80.0112,1333.3225,16.6642
2018-02-27 06:11:34,80.0112,1333.3225,16.6642
2018-02-27 06:12:05,80.0112,1333.3225,16.6642
2018-02-27 06:12:36,80.0112,1333.3225,16.6642
2018-02-27 06:13:07,80.0112,1333.3225,16.6642
2018-02-27 06:13:37,80.0112,1333.3225,16.6642
2018-02-27 06:14:08,80.0112,1333.3225,16.6642
2018-02-27 06:14:39,80.0112,1333.3225,16.6642
2018-02-27 06:15:10,80.0112,1333.3225,16.6642
2018-02-27 06:15:42,80.0112,1333.3225,16.6642
2018-02-27 06:16:12,80.0112,1333.3225,16.6642
2018-02-27 06:16:42,80.0112,1333.3225,16.6642
2018-02-27 06:17:12,80.0112,1333.3225,16.6642
2018-02-27 06:17:44,80.0112,1333.3225,16.6642
2018-02-27 06:18:15,80.0112,1333.3225,16.6642
2018-02-27 06:18:46,80.0112,1333.3225,16.6642
2018-02-27 06:19:16,80.0112,1333.3225,16.6642
2018-02-27 06:19:46,80.0112,1333.3225,16.6642
2018-02-27 06:20:17,80.0112,1333.3225,16.6642
2018-02-27 06:20:49,80.0112,1333.3225,16.6642
2018-02-27 06:21:19,80.0112,1333.3225,16.6642
2018-02-27 06:21:50,80.0112,1333.3225,16.6642
2018-02-27 06:22:21,80.0112,1333.3225,16.6642
2018-02-27 06:22:52,80.0112,1333.3225,16.6642
2018-02-27 06:23:22,80.0112,1333.3225,16.6642
2018-02-27 06:33:54,80.0112,1333.3225,16.6642
2018-02-27 06:34:25,80.0112,1333.3225,16.6642
2018-02-27 06:44:00,80.0112,1333.3225,16.6642
2018-02-27 06:44:31,80.0112,1333.3225,16.6642
2018-02-27 07:09:48,80.0112,1333.3225,16.6642
2018-02-27 07:45:57,80.1897,1331.47,16.604
2018-02-27 07:46:29,80.2268,1331.54,16.5972
2018-02-27 07:46:59,80.2257,1331.7625,16.6002
2018-02-27 07:47:30,80.2313,1331.615,16.5972
2018-02-27 07:48:00,80.2154,1331.615,16.6005
2018-02-27 07:48:31,80.2489,1331.755,16.5953
2018-02-27 07:49:01,80.1769,1332.3,16.617
2018-02-27 07:49:32,80.2658,1332.0675,16.5957
2018-02-27 07:50:02,80.2124,1332.3525,16.6103
2018-02-27 07:50:32,80.2654,1332.39,16.5998
2018-02-27 07:51:03,80.1581,1332.3075,16.621
2018-02-27 07:51:34,80.0897,1332.3725,16.636
2018-02-27 07:52:05,80.1057,1332.43,16.6334
2018-02-27 07:52:36,80.0626,1332.4175,16.6422
2018-02-27 07:53:07,80.0617,1332.4025,16.6422
2018-02-27 07:53:37,80.0879,1332.3025,16.6355
2018-02-27 07:54:08,80.059,1332.2625,16.641
2018-02-27 07:54:38,80.0616,1332.305,16.641
2018-02-27 07:55:09,80.1064,1332.225,16.6307
2018-02-27 07:55:39,80.0529,1332.2,16.6415
2018-02-27 07:56:09,80.0799,1332.29,16.637
2018-02-27 07:56:40,80.0931,1332.245,16.6337
2018-02-27 07:57:11,80.0627,1332.34,16.6412
2018-02-27 07:57:42,80.0533,1332.4475,16.6445
2018-02-27 07:58:13,80.0656,1332.475,16.6423
2018-02-27 07:58:44,80.0768,1332.3825,16.6388
2018-02-27 07:59:14,80.0724,1332.445,16.6405
2018-02-27 07:59:44,80.0705,1332.4125,16.6405
2018-02-27 08:00:15,80.052,1332.385,16.644
2018-02-27 08:00:46,80.0592,1332.305,16.6415
2018-02-27 08:01:17,80.0521,1332.3225,16.6432
2018-02-27 08:01:47,80.062,1332.2725,16.6405
2018-02-27 08:02:17,80.1015,1332.3525,16.6333
2018-02-27 08:02:49,80.0673,1332.56,16.643
2018-02-27 08:03:20,80.0874,1332.535,16.6385
2018-02-27 08:03:51,80.0597,1332.69,16.6462
2018-02-27 08:04:22,80.1041,1332.7725,16.638
2018-02-27 08:04:53,80.0907,1332.7725,16.6408
2018-02-27 08:05:24,80.1041,1333.0125,16.641
2018-02-27 08:05:55,80.0294,1333.265,16.6597
2018-02-27 08:06:25,80.1127,1333.38,16.6438
2018-02-27 08:06:56,80.1115,1333.36,16.6438
2018-02-27 08:07:27,80.0615,1333.28,16.6532
2018-02-27 08:07:57,80.0486,1333.21,16.655
2018-02-27 08:08:28,80.0324,1333.195,16.6582
2018-02-27 08:08:58,80.0542,1333.2225,16.654
2018-02-27 08:09:29,80.0425,1333.2925,16.6573
2018-02-27 08:10:00,80.046,1333.35,16.6573
2018-02-27 08:10:31,80.0537,1333.31,16.6552
2018-02-27 08:11:02,80.0511,1333.315,16.6558
2018-02-27 08:11:32,80.0789,1333.45,16.6517
2018-02-27 08:12:02,80.079,1333.395,16.651
2018-02-27 08:12:33,80.0863,1333.4925,16.6507
2018-02-27 08:13:04,80.0873,1333.5575,16.6513
2018-02-27 08:13:35,80.0842,1333.6425,16.653
2018-02-27 08:14:05,80.0666,1333.59,16.656
2018-02-27 08:14:37,80.0776,1333.5325,16.653
2018-02-27 08:15:08,80.0705,1333.55,16.6547
2018-02-27 08:15:39,80.0561,1333.375,16.6555
2018-02-27 08:16:10,80.0725,1333.4875,16.6535
2018-02-27 08:30:41,79.9742,1334.17,16.6825
2018-02-27 08:31:12,79.9855,1334.1825,16.6803
2018-02-27 08:58:33,80.0685,1335.4625,16.679
2018-02-27 08:59:04,80.1026,1335.4625,16.6719
2018-02-27 08:59:35,80.0842,1335.5725,16.6771
2018-02-27 09:00:05,80.1196,1335.4175,16.6678
2018-02-27 09:00:36,80.0935,1335.2625,16.6713
2018-02-27 09:01:07,80.0589,1335.1425,16.677
2018-02-27 09:01:37,80.0736,1335.2425,16.6752
2018-02-27 09:02:08,80.1029,1335.395,16.671
2018-02-27 09:02:38,80.0743,1335.52,16.6785
2018-02-27 09:03:09,80.0702,1335.5475,16.6797
2018-02-27 09:03:39,80.0726,1335.86,16.6831
2018-02-27 09:04:10,80.0548,1335.795,16.686
2018-02-27 09:04:41,80.095,1335.825,16.678
2018-02-27 09:05:12,80.0685,1335.8225,16.6835
2018-02-27 09:05:42,80.101,1335.805,16.6765
2018-02-27 09:06:13,80.0923,1335.755,16.6777
2018-02-27 09:06:44,80.0807,1335.65,16.6788
2018-02-27 09:07:14,80.0833,1335.5725,16.6773
2018-02-27 09:07:44,80.0763,1335.6325,16.6795
2018-02-27 09:08:15,80.0947,1335.715,16.6767
2018-02-27 09:08:46,80.0865,1335.8425,16.68
2018-02-27 09:09:16,80.0833,1336.005,16.6827
2018-02-27 09:09:46,80.0758,1336.025,16.6845
2018-02-27 09:10:16,80.0824,1336.07,16.6837
2018-02-27 09:10:47,80.0977,1336.03,16.68
2018-02-27 09:11:17,80.0651,1336.0625,16.6872
2018-02-27 09:11:47,80.0741,1336.0925,16.6857
2018-02-27 09:12:17,80.0713,1336.045,16.6857
2018-02-27 09:12:47,80.0551,1336.04,16.689
2018-02-27 09:13:17,80.0562,1336.0575,16.689
2018-02-27 09:13:47,80.0313,1336.0025,16.6935
2018-02-27 09:14:17,80.0395,1335.9,16.6905
2018-02-27 09:14:47,80.0491,1336.035,16.6902
2018-02-27 09:15:18,80.0307,1335.8325,16.6915
2018-02-27 09:15:48,80.0246,1335.915,16.6938
2018-02-27 09:17:04,80.0053,1335.9525,16.6983
2018-02-27 09:17:35,80.0249,1336.135,16.6965
2018-02-27 09:18:05,80.0362,1336.1075,16.6938
2018-02-27 09:18:36,79.9795,1336.145,16.7061
2018-02-27 09:19:06,80.027,1336.05,16.695
2018-02-27 09:19:36,80.0315,1335.9825,16.6932
2018-02-27 09:20:06,80.0358,1335.9175,16.6915
2018-02-27 09:20:36,80.0205,1335.6775,16.6917
2018-02-27 09:21:07,80.0391,1335.6525,16.6875
2018-02-27 09:21:37,80.0402,1335.63,16.687
2018-02-27 09:22:08,80.0445,1335.6225,16.686
2018-02-27 09:22:38,80.0254,1335.76,16.6917
2018-02-27 09:23:08,80.0579,1335.7175,16.6844
2018-02-27 09:23:38,80.0457,1335.8425,16.6885
2018-02-27 09:24:09,80.0478,1335.8375,16.688
2018-02-27 09:24:39,80.0422,1335.785,16.6885
2018-02-27 09:25:10,80.031,1335.5975,16.6885
2018-02-27 09:25:40,80.0416,1335.5975,16.6863
2018-02-27 09:26:10,80.0617,1335.3325,16.6788
2018-02-27 09:26:40,80.0254,1335.12,16.6837
2018-02-27 09:27:10,80.0334,1335.0375,16.681
2018-02-27 09:27:40,80.0216,1334.905,16.6818
2018-02-27 09:28:10,79.9929,1334.905,16.6878
2018-02-27 09:28:40,80.0493,1334.9575,16.6767
2018-02-27 09:29:10,80.1057,1335.2025,16.668
2018-02-27 09:29:50,80.1016,1335.31,16.6702
2018-02-27 09:30:20,80.0707,1335.195,16.6752
2018-02-27 09:30:51,80.0691,1335.1525,16.675
2018-02-27 09:31:21,80.0869,1335.1525,16.6713
2018-02-27 09:31:52,80.0815,1335.095,16.6717
2018-02-27 09:32:22,80.0992,1335.15,16.6687
2018-02-27 09:32:52,80.1107,1335.285,16.668
2018-02-27 09:33:23,80.0871,1335.2525,16.6725
2018-02-27 09:33:53,80.084,1335.36,16.6745
2018-02-27 09:34:23,80.1056,1335.4,16.6705
2018-02-27 09:34:53,80.1316,1335.45,16.6657
2018-02-27 09:35:24,80.0899,1335.7,16.6775
2018-02-27 09:35:54,80.1098,1335.75,16.674
2018-02-27 09:36:25,80.0946,1335.8575,16.6785
2018-02-27 09:36:55,80.1149,1335.98,16.6758
2018-02-27 09:37:25,80.1116,1336.1175,16.6782
2018-02-27 09:37:55,80.1236,1336.125,16.6758
2018-02-27 09:38:26,80.1322,1336.06,16.6732
2018-02-27 09:38:56,80.1322,1336.06,16.6732
2018-02-27 09:39:27,80.0761,1336.07,16.685
2018-02-27 09:39:57,80.0896,1336.07,16.6822
2018-02-27 09:40:27,80.1167,1336.0825,16.6767
2018-02-27 09:40:57,80.0718,1335.9575,16.6845
2018-02-27 09:41:28,80.1171,1335.8325,16.6735
2018-02-27 09:41:58,80.1037,1335.865,16.6767
2018-02-27 09:42:28,80.1208,1336.27,16.6782
2018-02-27 09:42:58,80.1115,1336.18,16.679
2018-02-27 09:43:28,80.0954,1336.2875,16.6837
2018-02-27 09:43:58,80.093,1336.2875,16.6842
2018-02-27 09:44:28,80.1202,1336.485,16.681
2018-02-27 09:44:58,80.1123,1336.3925,16.6815
2018-02-27 09:45:29,80.1247,1336.6,16.6815
2018-02-27 09:45:59,80.0963,1336.6475,16.688
2018-02-27 09:46:30,80.1483,1336.5125,16.6755
2018-02-27 09:47:00,80.1005,1336.4125,16.6842
2018-02-27 09:47:30,80.0796,1336.185,16.6857
2018-02-27 09:48:01,80.0854,1336.145,16.684
2018-02-27 09:48:32,80.0875,1336.2525,16.6849
2018-02-27 09:49:02,80.0859,1336.3125,16.686
2018-02-27 09:49:32,80.0632,1336.175,16.689
2018-02-27 09:50:03,80.0551,1336.08,16.6895
2018-02-27 09:50:34,80.0839,1336.095,16.6837
2018-02-27 09:51:04,80.0835,1336.0725,16.6835
2018-02-27 09:51:35,80.0841,1336.2025,16.685
2018-02-27 09:52:05,80.0793,1336.2025,16.686
2018-02-27 09:52:35,80.0773,1336.25,16.687
2018-02-27 09:53:05,80.0829,1336.2875,16.6863
2018-02-27 09:53:36,80.0776,1336.175,16.686
2018-02-27 09:54:06,80.0691,1336.1925,16.688
2018-02-27 09:54:38,80.0706,1336.2575,16.6885
2018-02-27 09:55:08,80.0664,1336.1875,16.6885
2018-02-27 09:55:38,80.0754,1336.1625,16.6863
2018-02-27 09:56:08,80.0946,1336.0575,16.681
2018-02-27 09:56:38,80.0723,1335.9425,16.6842
2018-02-27 09:57:08,80.0683,1335.82,16.6835
2018-02-27 09:57:38,80.1251,1335.67,16.6698
2018-02-27 09:58:08,80.1176,1335.625,16.6708
2018-02-27 09:58:38,80.1068,1335.66,16.6735
2018-02-27 09:59:08,80.0841,1335.7625,16.6795
2018-02-27 09:59:38,80.0709,1335.8625,16.6835
2018-02-27 10:00:08,80.145,1335.9375,16.669
2018-02-27 10:00:38,80.1149,1335.8125,16.6737
2018-02-27 10:01:08,80.1247,1335.855,16.6722
2018-02-27 10:01:38,80.0978,1335.815,16.6773
2018-02-27 10:02:10,80.1264,1335.7875,16.671
2018-02-27 10:02:40,80.0941,1335.825,16.6782
2018-02-27 10:03:10,80.1129,1335.7625,16.6735
2018-02-27 10:03:40,80.1023,1335.665,16.6745
2018-02-27 10:04:11,80.0822,1335.5875,16.6777
2018-02-27 10:04:42,80.087,1335.5875,16.6767
2018-02-27 10:05:12,80.0792,1335.505,16.6773
2018-02-27 10:05:43,80.0792,1335.5125,16.6774
2018-02-27 10:06:13,80.1114,1335.665,16.6726
2018-02-27 10:06:43,80.1011,1335.645,16.6745
2018-02-27 10:07:13,80.1048,1335.7475,16.675
2018-02-27 10:07:44,80.0929,1335.83,16.6785
2018-02-27 10:08:14,80.0817,1335.8025,16.6805
2018-02-27 10:08:46,80.1205,1335.93,16.674
2018-02-27 10:09:16,80.1016,1336.015,16.679
2018-02-27 10:09:46,80.1049,1336.11,16.6795
2018-02-27 10:58:42,80.0995,1334.915,16.6657
2018-02-27 10:59:18,80.1143,1334.92,16.6627
2018-02-27 10:59:49,80.0884,1334.7525,16.666
2018-02-27 11:00:19,80.0884,1334.7525,16.666
2018-02-27 11:00:50,80.094,1334.55,16.6623
2018-02-27 11:01:20,80.0764,1334.53,16.6657
2018-02-27 11:01:50,80.128,1334.6925,16.657
2018-02-27 11:02:20,80.1384,1334.48,16.6522
2018-02-27 11:02:50,80.0789,1334.235,16.6615
2018-02-27 11:03:21,80.105,1334.3325,16.6573
2018-02-27 11:03:51,80.104,1334.2125,16.656
2018-02-27 11:04:23,80.1081,1334.2,16.655
2018-02-27 11:04:53,80.1047,1334.2075,16.6558
2018-02-27 11:05:23,80.122,1333.9675,16.6492
2018-02-27 11:05:53,80.1213,1334.02,16.65
2018-02-27 11:06:24,80.1226,1333.9375,16.6487
2018-02-27 11:06:54,80.1532,1333.95,16.6425
2018-02-27 11:07:25,80.1424,1333.995,16.6453
2018-02-27 11:07:55,80.1322,1333.96,16.647
2018-02-27 11:08:25,80.1382,1333.94,16.6455
2018-02-27 11:08:55,80.1344,1333.9175,16.646
2018-02-27 11:09:27,80.1472,1333.89,16.643
2018-02-27 11:09:57,80.1481,1333.985,16.644
2018-02-27 11:10:28,80.1565,1333.965,16.642
2018-02-27 11:10:58,80.1391,1333.795,16.6435
2018-02-27 11:11:28,80.1777,1333.94,16.6373
2018-02-27 11:11:58,80.208,1333.94,16.631
2018-02-27 11:12:28,80.1624,1333.935,16.6404
2018-02-27 11:12:58,80.1526,1333.9,16.642
2018-02-27 11:13:28,80.1491,1333.865,16.6423
2018-02-27 11:13:58,80.16,1333.8625,16.64
2018-02-27 11:14:28,80.1873,1333.915,16.635
2018-02-27 11:14:58,80.1768,1333.845,16.6363
2018-02-27 11:15:28,80.1756,1333.785,16.6358
2018-02-27 11:15:58,80.1554,1333.665,16.6385
2018-02-27 11:16:28,80.15,1333.6875,16.6399
2018-02-27 11:16:58,80.1556,1333.645,16.6382
2018-02-27 11:17:29,80.1737,1333.93,16.638
2018-02-27 11:18:00,80.2285,1334.2,16.63
2018-02-27 11:18:30,80.2094,1334.1625,16.6335
2018-02-27 11:19:01,80.2376,1334.15,16.6275
2018-02-27 11:19:31,80.1878,1334.045,16.6365
2018-02-27 11:20:02,80.2055,1334.13,16.6339
2018-02-27 11:20:32,80.1739,1334.1175,16.6403
2018-02-27 11:21:02,80.2211,1334.1175,16.6305
2018-02-27 11:21:33,80.1785,1334.13,16.6395
2018-02-27 11:22:03,80.1765,1334.1375,16.64
2018-02-27 11:22:34,80.1552,1334.1025,16.644
2018-02-27 11:23:04,80.1523,1334.295,16.647
2018-02-27 11:23:34,80.1576,1334.2,16.6447
2018-02-27 11:24:06,80.1563,1334.25,16.6456
2018-02-27 11:24:37,80.1468,1334.14,16.6462
2018-02-27 11:25:07,80.1468,1334.14,16.6462
2018-02-27 11:25:38,80.1538,1334.1275,16.6446
2018-02-27 11:26:08,80.1538,1334.1275,16.6446
2018-02-27 11:26:38,80.1494,1334.1275,16.6455
2018-02-27 11:27:08,80.1494,1334.1275,16.6455
2018-02-27 11:27:38,80.1473,1334.1475,16.6462
2018-02-27 11:28:08,80.1439,1334.115,16.6465
2018-02-27 11:28:38,80.1378,1334.0375,16.6468
2018-02-27 11:29:09,80.1346,1333.985,16.6468
2018-02-27 11:29:39,80.1764,1333.87,16.6367
2018-02-27 11:30:09,80.1437,1333.9275,16.6442
2018-02-27 11:30:39,80.1476,1334.0175,16.6445
2018-02-27 11:31:09,80.1537,1334.095,16.6442
2018-02-27 11:31:40,80.1467,1334.0175,16.6447
2018-02-27 11:32:11,80.1333,1333.995,16.6472
2018-02-27 11:32:42,80.1481,1334.105,16.6455
2018-02-27 11:33:13,80.1436,1334.11,16.6465
2018-02-27 11:33:43,80.1475,1334.015,16.6445
2018-02-27 11:34:13,80.1455,1333.9975,16.6447
2018-02-27 11:34:45,80.1325,1334.19,16.6498
2018-02-27 11:35:15,80.1385,1334.17,16.6483
2018-02-27 11:35:46,80.1388,1334.2475,16.6492
2018-02-27 11:36:16,80.1328,1334.195,16.6498
2018-02-27 11:36:47,80.1331,1334.2,16.6498
2018-02-27 11:37:17,80.1142,1334.1575,16.6532
2018-02-27 11:37:47,80.1189,1334.22,16.653
2018-02-27 11:38:17,80.1186,1334.215,16.653
2018-02-27 11:38:47,80.1509,1334.2325,16.6465
2018-02-27 11:39:17,80.1438,1334.09,16.6462
2018-02-27 11:39:48,80.1249,1334.32,16.653
2018-02-27 11:40:18,80.1181,1334.2075,16.653
2018-02-27 11:40:48,80.114,1334.1225,16.6528
2018-02-27 11:41:18,80.134,1334.215,16.6498
2018-02-27 11:41:48,80.134,1334.215,16.6498
2018-02-27 11:42:18,80.1268,1334.095,16.6498
2018-02-27 11:42:48,80.1123,1334.11,16.653
2018-02-27 11:43:18,80.1123,1334.11,16.653
2018-02-27 11:43:48,80.1159,1334.17,16.653
2018-02-27 11:44:18,80.1204,1334.205,16.6525
2018-02-27 11:44:48,80.1613,1334.14,16.6432
2018-02-27 11:45:18,80.1643,1334.135,16.6425
2018-02-27 11:45:48,80.1186,1334.095,16.6515
2018-02-27 11:46:20,80.1188,1334.0825,16.6513
2018-02-27 11:46:50,80.1365,1334.1525,16.6485
2018-02-27 11:47:20,80.11,1333.935,16.6513
2018-02-27 11:47:50,80.1797,1333.79,16.635
2018-02-27 11:48:21,80.1365,1333.7275,16.6432
2018-02-27 11:48:51,80.1158,1333.7275,16.6475
2018-02-27 11:49:22,80.1228,1333.765,16.6465
2018-02-27 11:49:54,80.0934,1333.715,16.652
2018-02-27 11:50:24,80.103,1333.715,16.65
2018-02-27 11:50:55,80.1075,1333.75,16.6495
2018-02-27 11:51:25,80.123,1333.7675,16.6465
2018-02-27 11:51:56,80.1412,1333.75,16.6425
2018-02-27 11:52:26,80.1014,1333.5675,16.6485
2018-02-27 11:52:57,80.1091,1333.295,16.6435
2018-02-27 11:53:27,80.1104,1333.2775,16.643
2018-02-27 11:53:58,80.0801,1333.35,16.6502
2018-02-27 11:54:28,80.1174,1333.3375,16.6423
2018-02-27 11:54:58,80.0994,1333.31,16.6457
2018-02-27 11:55:28,80.1092,1333.3375,16.644
2018-02-27 11:55:58,80.1059,1333.3225,16.6445
2018-02-27 11:56:29,80.1299,1333.305,16.6393
2018-02-27 11:56:59,80.1064,1333.1875,16.6427
2018-02-27 11:57:30,80.1367,1333.395,16.639
2018-02-27 11:58:00,80.1166,1333.3,16.642
2018-02-27 11:58:31,80.1113,1333.2525,16.6425
2018-02-27 11:59:02,80.1436,1333.2525,16.6358
2018-02-27 11:59:32,80.1274,1333.36,16.6405
2018-02-27 12:00:03,80.1282,1333.2925,16.6395
2018-02-27 12:00:34,80.1184,1333.235,16.6408
2018-02-27 12:01:05,80.1073,1332.985,16.64
2018-02-27 12:01:35,80.1297,1333.1175,16.637
2018-02-27 12:02:05,80.1346,1333.295,16.6382
2018-02-27 12:02:35,80.1352,1333.305,16.6382
2018-02-27 12:03:06,80.1131,1333.2025,16.6415
2018-02-27 12:03:36,80.1301,1333.34,16.6397
2018-02-27 12:04:08,80.1336,1333.255,16.6379
2018-02-27 12:04:38,80.1419,1333.2,16.6355
2018-02-27 12:05:08,80.1446,1333.205,16.635
2018-02-27 12:05:38,80.1156,1333.3075,16.6423
2018-02-27 12:06:08,80.1322,1333.4,16.64
2018-02-27 12:06:38,80.1233,1333.4125,16.642
2018-02-27 12:07:08,80.1328,1333.25,16.638
2018-02-27 12:07:38,80.0905,1333.25,16.6468
2018-02-27 12:08:08,80.1145,1333.105,16.64
2018-02-27 12:08:38,80.1197,1333.1925,16.64
2018-02-27 12:09:09,80.118,1333.1875,16.6403
2018-02-27 12:09:40,80.1096,1333.345,16.644
2018-02-27 12:10:10,80.116,1333.45,16.644
2018-02-27 12:10:40,80.1202,1333.625,16.6453
2018-02-27 12:11:10,80.1407,1333.725,16.6423
2018-02-27 12:11:41,80.1514,1333.6625,16.6393
2018-02-27 12:12:12,80.1376,1333.585,16.6412
2018-02-27 12:12:43,80.1133,1333.5425,16.6457
2018-02-27 12:13:13,80.134,1333.43,16.64
2018-02-27 12:13:43,80.1144,1333.5275,16.6453
2018-02-27 12:14:13,80.1509,1333.47,16.637
2018-02-27 12:14:44,80.1212,1333.3525,16.6417
2018-02-27 12:15:14,80.1174,1333.29,16.6417
2018-02-27 12:15:44,80.1173,1333.2325,16.641
2018-02-27 12:16:15,80.126,1333.24,16.6393
2018-02-27 12:16:46,80.1568,1333.055,16.6306
2018-02-27 12:17:17,80.1258,1333.1175,16.6378
2018-02-27 12:17:47,80.0882,1333.1475,16.646
2018-02-27 12:18:17,80.1299,1333.185,16.6378
2018-02-27 12:18:47,80.1494,1333.2775,16.6349
2018-02-27 12:19:17,80.1261,1333.275,16.6397
2018-02-27 12:19:47,80.1229,1333.245,16.64
2018-02-27 12:20:18,80.1145,1333.225,16.6415
2018-02-27 12:20:48,80.118,1333.0675,16.6388
2018-02-27 12:21:18,80.118,1333.0675,16.6388
2018-02-27 12:21:48,80.1148,1332.75,16.6355
2018-02-27 12:22:18,80.1134,1332.5825,16.6337
2018-02-27 12:22:48,80.1032,1332.6525,16.6367
2018-02-27 12:23:18,80.1191,1332.5,16.6315
2018-02-27 12:23:48,80.0852,1332.4575,16.638
2018-02-27 12:24:18,80.0852,1332.4575,16.638
2018-02-27 12:24:48,80.1045,1332.4025,16.6333
2018-02-27 12:25:18,80.1102,1332.3525,16.6315
2018-02-27 12:25:49,80.1185,1332.33,16.6295
2018-02-27 12:26:20,80.116,1332.265,16.6292
2018-02-27 12:26:51,80.1123,1332.4675,16.6325
2018-02-27 12:27:21,80.12,1332.315,16.629
2018-02-27 12:27:51,80.1275,1332.36,16.628
2018-02-27 12:28:21,80.1263,1332.3,16.6275
2018-02-27 12:28:51,80.1594,1332.37,16.6215
2018-02-27 12:29:22,80.1377,1332.3125,16.6253
2018-02-27 12:29:52,80.1393,1332.275,16.6245
2018-02-27 12:30:23,80.1473,1332.385,16.6242
2018-02-27 12:30:53,80.1902,1332.4,16.6155
2018-02-27 12:31:24,80.1462,1332.43,16.625
2018-02-27 12:31:54,80.1462,1332.43,16.625
2018-02-27 12:32:25,80.1426,1332.3475,16.6247
2018-02-27 12:32:55,80.1146,1332.225,16.629
2018-02-27 12:33:25,80.1438,1332.07,16.621
2018-02-27 12:33:56,80.1464,1332.1125,16.621
2018-02-27 12:34:26,80.1403,1332.1725,16.623
2018-02-27 12:44:12,80.1148,1332.365,16.6307
2018-02-27 12:44:42,80.104,1332.33,16.6325
2018-02-27 12:45:12,80.1137,1332.3475,16.6307
2018-02-27 12:45:43,80.1148,1332.365,16.6307
2018-02-27 12:46:13,80.1137,1332.435,16.6318
2018-02-27 12:46:44,80.1092,1332.32,16.6313
2018-02-27 12:47:14,80.1167,1332.245,16.6288
2018-02-27 12:47:44,80.0917,1332.085,16.632
2018-02-27 12:48:14,80.0961,1332.1425,16.6318
2018-02-27 12:48:45,80.0982,1332.21,16.6322
2018-02-27 12:49:15,80.124,1332.245,16.6273
2018-02-27 12:49:46,80.1275,1332.24,16.6265
2018-02-27 12:50:16,80.1115,1332.1175,16.6283
2018-02-27 12:50:47,80.1133,1332.1475,16.6283
2018-02-27 12:51:17,80.0762,1332.0675,16.635
2018-02-27 12:51:48,80.0995,1332.175,16.6315
2018-02-27 12:52:18,80.1061,1332.245,16.631
2018-02-27 12:52:48,80.11,1332.15,16.629
2018-02-27 12:53:18,80.1158,1332.205,16.6285
2018-02-27 12:53:49,80.1158,1332.205,16.6285
2018-02-27 12:54:19,80.1141,1332.1775,16.6285
2018-02-27 12:54:49,80.1185,1332.17,16.6275
2018-02-27 12:55:20,80.1207,1332.2225,16.6277
2018-02-27 12:55:50,80.1207,1332.2225,16.6277
2018-02-27 12:56:20,80.1235,1332.27,16.6277
2018-02-27 12:56:50,80.1188,1332.175,16.6275
2018-02-27 12:57:20,80.1217,1332.2075,16.6273
2018-02-27 12:57:50,80.1176,1332.195,16.628
2018-02-27 12:58:20,80.121,1332.2275,16.6277
2018-02-27 12:58:50,80.1099,1332.2275,16.63
2018-02-27 12:59:28,80.1071,1332.165,16.6298
2018-02-27 12:59:59,80.1119,1332.1,16.628
2018-02-27 13:00:29,80.1109,1332.2275,16.6298
2018-02-27 13:00:59,80.1032,1332.1,16.6298
2018-02-27 13:01:30,80.1185,1332.17,16.6275
2018-02-27 13:02:00,80.1185,1332.17,16.6275
2018-02-27 13:02:31,80.118,1332.1625,16.6275
2018-02-27 13:03:01,80.1251,1332.28,16.6275
2018-02-27 13:03:32,80.1145,1332.2725,16.6296
2018-02-27 13:04:02,80.1145,1332.2725,16.6296
2018-02-27 13:04:33,80.1199,1332.2825,16.6286
2018-02-27 13:05:04,80.223,1332.44,16.6092
2018-02-27 13:05:34,80.1691,1332.2575,16.6181
2018-02-27 13:06:05,80.1238,1332.275,16.6277
2018-02-27 13:06:35,80.1405,1332.4,16.6258
2018-02-27 13:07:05,80.1357,1332.4,16.6268
2018-02-27 13:07:36,80.1359,1332.355,16.6262
2018-02-27 13:08:06,80.1474,1332.45,16.625
2018-02-27 13:08:37,80.1296,1332.475,16.629
2018-02-27 13:09:07,80.1318,1332.455,16.6283
2018-02-27 13:09:38,80.1347,1332.4,16.627
2018-02-27 13:10:08,80.1364,1332.4275,16.627
2018-02-27 13:10:38,80.1446,1332.5,16.6262
2018-02-27 13:11:08,80.1461,1332.525,16.6262
2018-02-27 13:11:38,80.1393,1332.46,16.6268
2018-02-27 13:12:08,80.1418,1332.5025,16.6268
2018-02-27 13:12:38,80.134,1332.5475,16.629
2018-02-27 13:13:08,80.1381,1332.48,16.6273
2018-02-27 13:13:38,80.1398,1332.54,16.6277
2018-02-27 13:14:08,80.1522,1332.595,16.6258
2018-02-27 13:14:39,80.154,1332.6,16.6255
2018-02-27 13:15:09,80.1513,1332.66,16.6268
2018-02-27 13:15:39,80.1722,1332.8625,16.625
2018-02-27 13:16:09,80.1584,1332.825,16.6274
2018-02-27 13:16:39,80.1137,1332.915,16.6378
2018-02-27 13:17:09,80.1615,1332.83,16.6268
2018-02-27 13:17:39,80.1779,1332.9975,16.6255
2018-02-27 13:18:10,80.1521,1333.05,16.6315
2018-02-27 13:18:40,80.1691,1333.1475,16.6292
2018-02-27 13:19:11,80.1737,1333.225,16.6292
2018-02-27 13:19:42,80.1693,1333.055,16.628
2018-02-27 13:20:12,80.1688,1333.1425,16.6292
2018-02-27 13:20:42,80.1769,1333.0125,16.6259
2018-02-27 13:21:13,80.1679,1332.975,16.6273
2018-02-27 13:21:43,80.1372,1332.8825,16.6325
2018-02-27 13:22:13,80.1441,1332.9975,16.6325
2018-02-27 13:22:43,80.139,1332.9125,16.6325
2018-02-27 13:23:14,80.1437,1332.95,16.632
2018-02-27 13:23:44,80.1415,1332.93,16.6322
2018-02-27 13:24:15,80.1478,1333.035,16.6322
2018-02-27 13:24:46,80.1368,1332.875,16.6325
2018-02-27 13:25:17,80.1405,1332.9125,16.6322
2018-02-27 13:25:47,80.1402,1332.9075,16.6322
2018-02-27 13:26:17,80.1422,1332.925,16.632
2018-02-27 13:26:47,80.1422,1332.925,16.632
2018-02-27 13:27:17,80.1511,1333.0175,16.6313
2018-02-27 13:27:47,80.1511,1333.0175,16.6313
2018-02-27 13:28:18,80.1486,1333.0475,16.6322
2018-02-27 13:28:48,80.1486,1333.0475,16.6322
2018-02-27 13:29:18,80.1505,1333.0475,16.6318
2018-02-27 13:29:48,80.1607,1333.2,16.6316
2018-02-27 13:30:18,80.1178,1333.2,16.6405
2018-02-27 13:30:48,80.1835,1333.2025,16.6269
2018-02-27 13:31:18,80.1846,1333.27,16.6275
2018-02-27 13:31:48,80.1828,1333.24,16.6275
2018-02-27 13:32:18,80.1876,1333.32,16.6275
2018-02-27 13:32:48,80.189,1333.3425,16.6275
2018-02-27 13:52:53,80.1381,1333.635,16.6417
2018-02-27 13:53:23,80.1497,1333.755,16.6408
2018-02-27 13:53:54,80.1479,1333.725,16.6408
2018-02-27 13:54:24,80.1273,1333.7425,16.6453
2018-02-27 13:54:54,80.1105,1333.6,16.647
2018-02-27 13:55:25,80.1244,1333.63,16.6445
2018-02-27 13:55:55,80.1224,1333.5725,16.6442
2018-02-27 13:56:26,80.1112,1333.595,16.6468
2018-02-27 13:56:56,80.111,1333.5925,16.6468
2018-02-27 13:57:26,80.111,1333.4875,16.6455
2018-02-27 13:57:57,80.1253,1333.59,16.6438
2018-02-27 13:58:27,80.1215,1333.5025,16.6435
2018-02-27 13:58:57,80.1178,1333.44,16.6435
2018-02-27 13:59:27,80.1158,1333.4075,16.6435
2018-02-27 13:59:57,80.1124,1333.31,16.643
2018-02-27 14:00:28,80.1027,1333.31,16.645
2018-02-27 14:00:58,80.1236,1333.32,16.6408
2018-02-27 14:01:28,80.1236,1333.32,16.6408
2018-02-27 14:01:58,80.1261,1333.1375,16.638
2018-02-27 14:02:28,80.1174,1333.13,16.6397
2018-02-27 14:02:58,80.1069,1333.195,16.6427
2018-02-27 14:03:29,80.1053,1333.1925,16.643
2018-02-27 14:04:00,80.095,1332.9975,16.6427
2018-02-27 14:04:30,80.1049,1332.97,16.6403
2018-02-27 14:05:01,80.0906,1332.8675,16.642
2018-02-27 14:05:31,80.0862,1332.795,16.642
2018-02-27 14:06:01,80.1055,1332.795,16.638
2018-02-27 14:06:32,80.0934,1332.85,16.6412
2018-02-27 14:07:02,80.108,1332.78,16.6373
2018-02-27 14:07:33,80.12,1332.78,16.6348
2018-02-27 14:08:03,80.086,1332.03,16.6325
2018-02-27 14:08:34,80.0939,1332.1625,16.6325
2018-02-27 14:09:04,80.0867,1332.2025,16.6345
2018-02-27 14:09:35,80.0833,1332.145,16.6345
2018-02-27 14:10:05,80.0785,1332.09,16.6348
2018-02-27 14:10:36,80.0954,1332.2675,16.6335
2018-02-27 14:11:07,80.0952,1332.04,16.6307
2018-02-27 14:11:37,80.0843,1332.0975,16.6337
2018-02-27 14:12:08,80.1045,1332.1625,16.6303
2018-02-27 14:12:38,80.1249,1332.3175,16.628
2018-02-27 14:13:08,80.1227,1332.4,16.6295
2018-02-27 14:13:38,80.1126,1332.3775,16.6313
2018-02-27 14:14:08,80.0649,1332.44,16.642
2018-02-27 14:14:38,80.114,1332.295,16.63
2018-02-27 14:15:08,80.1202,1332.3025,16.6288
2018-02-27 14:15:39,80.1054,1332.3125,16.632
2018-02-27 14:16:10,80.0978,1332.3075,16.6335
2018-02-27 14:16:41,80.1131,1332.4575,16.6322
2018-02-27 14:17:11,80.1112,1332.45,16.6325
2018-02-27 14:17:41,80.1287,1332.5,16.6295
2018-02-27 14:18:11,80.1484,1332.25,16.6223
2018-02-27 14:18:41,80.1165,1332.3775,16.6305
2018-02-27 14:19:12,80.1054,1332.4975,16.6343
2018-02-27 14:19:42,80.1082,1332.6,16.635
2018-02-27 14:20:15,80.1105,1332.5975,16.6345
2018-02-27 14:20:45,80.1438,1332.7275,16.6292
2018-02-27 14:21:15,80.1263,1332.74,16.633
2018-02-27 14:21:45,80.127,1332.7125,16.6325
2018-02-27 14:22:16,80.1264,1332.7025,16.6325
2018-02-27 14:22:46,80.1344,1332.86,16.6328
2018-02-27 14:23:16,80.1226,1332.88,16.6355
2018-02-27 14:23:46,80.1226,1332.88,16.6355
2018-02-27 14:24:16,80.1191,1332.885,16.6363
2018-02-27 14:24:46,80.1789,1332.975,16.625
2018-02-27 14:25:17,80.1651,1332.945,16.6275
2018-02-27 14:25:48,80.1324,1332.8975,16.6337
2018-02-27 14:26:18,80.1164,1332.84,16.6363
2018-02-27 14:26:48,80.1073,1332.89,16.6388
2018-02-27 14:27:18,80.1075,1332.8125,16.6378
2018-02-27 14:27:48,80.1193,1332.905,16.6365
2018-02-27 14:28:18,80.1184,1332.97,16.6375
2018-02-27 14:28:48,80.1174,1332.9375,16.6373
2018-02-27 14:29:18,80.113,1333.12,16.6405
2018-02-27 14:29:48,80.1105,1333.4,16.6445
2018-02-27 14:30:18,80.1251,1333.2575,16.6397
2018-02-27 14:30:48,80.1319,1333.37,16.6397
2018-02-27 14:31:24,80.1376,1333.33,16.638
2018-02-27 14:31:54,80.1354,1333.3325,16.6385
2018-02-27 14:32:25,80.1393,1333.2775,16.637
2018-02-27 14:32:55,80.1154,1333.28,16.642
2018-02-27 14:33:25,80.1264,1333.28,16.6397
2018-02-27 14:33:55,80.0708,1333.195,16.6502
2018-02-27 14:34:26,80.1328,1333.13,16.6365
2018-02-27 14:34:56,80.1054,1333.195,16.643
2018-02-27 14:35:27,80.1054,1333.17,16.6427
2018-02-27 14:35:57,80.1515,1333.04,16.6315
2018-02-27 14:36:27,80.11,1333.11,16.641
2018-02-27 14:36:57,80.1168,1333,16.6382
2018-02-27 14:37:28,80.1006,1332.97,16.6412
2018-02-27 14:37:58,80.1226,1332.8,16.6345
2018-02-27 14:38:29,80.1192,1332.8875,16.6363
2018-02-27 14:38:59,80.1213,1332.7625,16.6343
2018-02-27 14:39:30,80.1277,1332.885,16.6345
2018-02-27 14:40:00,80.1306,1332.8525,16.6335
2018-02-27 14:40:31,80.1371,1333.025,16.6343
2018-02-27 14:41:01,80.1305,1333.035,16.6358
2018-02-27 14:41:31,80.1268,1333.03,16.6365
2018-02-27 14:42:03,80.1304,1333.09,16.6365
2018-02-27 14:42:33,80.1726,1333.15,16.6285
2018-02-27 14:43:03,80.1254,1333.0775,16.6374
2018-02-27 14:43:33,80.1307,1332.975,16.635
2018-02-27 14:44:05,80.1374,1332.885,16.6325
2018-02-27 14:44:35,80.125,1332.8,16.634
2018-02-27 14:45:05,80.1167,1332.805,16.6358
2018-02-27 14:45:35,80.1299,1332.8575,16.6337
2018-02-27 14:46:06,80.1227,1332.8575,16.6352
2018-02-27 14:46:36,80.1376,1332.865,16.6322
2018-02-27 14:47:13,80.1387,1332.8825,16.6322
2018-02-27 14:47:45,80.1502,1332.9225,16.6303
2018-02-27 14:48:15,80.1564,1332.88,16.6285
2018-02-27 14:48:46,80.1554,1332.8875,16.6288
2018-02-27 14:49:16,80.1374,1332.885,16.6325
2018-02-27 14:49:47,80.1588,1332.8,16.627
2018-02-27 14:50:18,80.1223,1332.795,16.6345
2018-02-27 14:50:48,80.1628,1332.8025,16.6262
2018-02-27 14:51:18,80.1653,1332.845,16.6262
2018-02-27 14:51:48,80.1698,1332.9425,16.6265
2018-02-27 14:52:18,80.1752,1332.9925,16.626
2018-02-27 14:52:48,80.1887,1332.9925,16.6232
2018-02-27 14:53:18,80.1691,1333.0525,16.628
2018-02-27 14:53:48,80.1925,1333.16,16.6245
2018-02-27 14:54:18,80.2083,1333.1975,16.6217
2018-02-27 14:54:48,80.1389,1332.95,16.633
2018-02-27 14:55:18,80.1973,1333,16.6215
2018-02-27 14:55:48,80.1558,1333.015,16.6303
2018-02-27 14:56:19,80.1649,1332.805,16.6258
2018-02-27 14:56:49,80.1725,1332.8925,16.6253
2018-02-27 14:57:19,80.207,1332.76,16.6165
2018-02-27 14:57:49,80.1504,1332.8525,16.6294
2018-02-27 14:58:19,80.1486,1333.015,16.6318
2018-02-27 14:58:49,80.1656,1332.985,16.6279
2018-02-27 14:59:19,80.1691,1332.995,16.6273
2018-02-27 14:59:49,80.1744,1332.9,16.625
2018-02-27 15:00:20,80.2073,1332.965,16.619
2018-02-27 15:00:50,80.2136,1333.03,16.6185
2018-02-27 15:01:21,80.1873,1333.0175,16.6238
2018-02-27 15:01:51,80.1743,1332.93,16.6254
2018-02-27 15:02:21,80.224,1332.9775,16.6157
2018-02-27 15:02:51,80.1516,1332.905,16.6298
2018-02-27 15:03:22,80.195,1333.025,16.6223
2018-02-27 15:03:52,80.2025,1333.045,16.621
2018-02-27 15:04:22,80.1915,1333.0225,16.623
2018-02-27 15:04:52,80.1889,1333.14,16.625
2018-02-27 15:05:23,80.1961,1333.14,16.6235
2018-02-27 15:05:54,80.1899,1333.0775,16.624
2018-02-27 15:06:24,80.1999,1333.42,16.6262
2018-02-27 15:06:55,80.1823,1333.5925,16.632
2018-02-27 15:07:25,80.1818,1333.5275,16.6313
2018-02-27 15:07:56,80.2138,1333.795,16.628
2018-02-27 15:08:27,80.2078,1333.96,16.6313
2018-02-27 15:08:58,80.2098,1334.065,16.6322
2018-02-27 15:09:29,80.1527,1333.9575,16.6427
2018-02-27 15:10:00,80.1787,1333.9725,16.6375
2018-02-27 15:10:32,80.1767,1333.9,16.637
2018-02-27 15:11:02,80.1344,1333.8775,16.6455
2018-02-27 15:11:32,80.1505,1333.865,16.642
2018-02-27 15:12:03,80.1521,1333.915,16.6423
2018-02-27 15:12:34,80.1453,1333.8575,16.643
2018-02-27 15:13:05,80.1538,1334,16.643
2018-02-27 15:13:36,80.1763,1334.0375,16.6388
2018-02-27 15:14:06,80.1668,1334.015,16.6405
2018-02-27 15:18:56,80.1608,1333.66,16.6373
2018-02-27 15:19:26,80.1676,1333.6925,16.6363
2018-02-27 15:19:57,80.185,1333.7575,16.6335
2018-02-27 15:20:28,80.1569,1333.73,16.639
2018-02-27 15:20:58,80.1491,1333.625,16.6393
2018-02-27 15:21:30,80.1882,1333.77,16.633
2018-02-27 15:22:01,80.19,1333.785,16.6328
2018-02-27 15:22:31,80.1981,1333.815,16.6315
2018-02-27 15:23:01,80.1937,1333.8625,16.633
2018-02-27 15:23:32,80.1891,1333.89,16.6343
2018-02-27 15:24:03,80.1913,1333.9975,16.6352
2018-02-27 15:24:34,80.2254,1334.0675,16.629
2018-02-27 15:25:05,80.2137,1334.115,16.632
2018-02-27 15:25:35,80.2038,1334.23,16.6355
2018-02-27 15:26:07,80.1762,1334.2275,16.6412
2018-02-27 15:26:38,80.1619,1334.095,16.6425
2018-02-27 15:27:08,80.1734,1334.11,16.6403
2018-02-27 15:27:38,80.1752,1334.14,16.6403
2018-02-27 15:28:10,80.1815,1334.1,16.6385
2018-02-27 15:28:40,80.1813,1334.0725,16.6382
2018-02-27 15:29:11,80.1699,1334.0675,16.6405
2018-02-27 15:29:41,80.1601,1334.105,16.643
2018-02-27 15:30:12,80.1534,1334.0575,16.6438
2018-02-27 15:30:42,80.1543,1334.0725,16.6438
2018-02-27 15:31:13,80.1968,1334.0175,16.6343
2018-02-27 15:31:44,80.1637,1334.125,16.6425
2018-02-27 15:32:15,80.1768,1334.1425,16.64
2018-02-27 15:32:46,80.175,1334.0725,16.6395
2018-02-27 15:33:17,80.2027,1334.0925,16.634
2018-02-27 15:33:48,80.1697,1334.0475,16.6403
2018-02-27 15:34:19,80.1623,1333.9975,16.6412
2018-02-27 15:34:49,80.1852,1333.8,16.634
2018-02-27 15:35:20,80.1595,1333.7975,16.6393
2018-02-27 15:35:50,80.1317,1333.7125,16.644
2018-02-27 15:36:21,80.1794,1333.825,16.6355
2018-02-27 15:36:52,80.1963,1333.665,16.63
2018-02-27 15:37:22,80.1956,1333.6925,16.6305
2018-02-27 15:37:53,80.1796,1333.5875,16.6325
2018-02-27 15:38:24,80.1893,1333.5475,16.63
2018-02-27 15:38:55,80.1882,1333.69,16.632
2018-02-27 15:39:26,80.1959,1333.8825,16.6328
2018-02-27 15:39:57,80.1942,1333.87,16.633
2018-02-27 15:40:27,80.1875,1333.8625,16.6343
2018-02-27 15:40:58,80.2261,1334.04,16.6285
2018-02-27 15:41:28,80.2011,1333.985,16.633
2018-02-27 15:41:59,80.212,1333.9825,16.6307
2018-02-27 15:42:30,80.1833,1333.89,16.6355
2018-02-27 15:43:01,80.1995,1333.8775,16.632
2018-02-27 15:43:32,80.1951,1333.99,16.6343
2018-02-27 15:44:05,80.1869,1334.03,16.6365
2018-02-27 15:44:36,80.2142,1334.0025,16.6305
2018-02-27 15:45:07,80.2123,1333.915,16.6298
2018-02-27 15:45:38,80.1816,1333.765,16.6343
2018-02-27 15:46:09,80.1723,1333.53,16.6333
2018-02-27 15:46:40,80.1843,1333.665,16.6325
2018-02-27 15:47:11,80.164,1333.6325,16.6363
2018-02-27 15:47:42,80.1896,1333.6325,16.631
2018-02-27 15:48:13,80.1784,1333.7675,16.635
2018-02-27 15:48:44,80.1803,1333.7825,16.6348
2018-02-27 15:49:16,80.1929,1333.785,16.6322
2018-02-27 15:49:47,80.1879,1334.215,16.6386
2018-02-27 15:50:18,80.1811,1334.2775,16.6408
2018-02-27 15:50:49,80.1996,1334.3775,16.6382
2018-02-27 15:51:20,80.1903,1334.4075,16.6405
2018-02-27 15:51:50,80.17,1334.47,16.6455
2018-02-27 15:52:21,80.2034,1334.4075,16.6378
2018-02-27 15:52:52,80.1642,1334.4775,16.6468
2018-02-27 15:53:23,80.1523,1334.415,16.6485
2018-02-27 15:53:54,80.1585,1334.535,16.6487
2018-02-27 15:54:24,80.151,1334.45,16.6492
2018-02-27 15:54:55,80.1802,1334.52,16.644
2018-02-27 15:55:26,80.1981,1334.4,16.6388
2018-02-27 15:55:56,80.1875,1334.28,16.6395
2018-02-27 15:56:27,80.1481,1334.345,16.6485
2018-02-27 15:56:58,80.178,1334.2975,16.6417
2018-02-27 15:57:29,80.1855,1334.23,16.6393
2018-02-27 15:58:00,80.1383,1334.0775,16.6472
2018-02-27 15:58:31,80.1388,1334.055,16.6468
2018-02-27 15:59:01,80.1505,1334.065,16.6445
2018-02-27 15:59:32,80.1928,1334.0075,16.635
2018-02-27 16:00:03,80.1683,1334,16.64
2018-02-27 16:00:34,80.1319,1333.955,16.647
2018-02-27 16:25:39,80.1491,1334.5625,16.651
2018-02-27 16:26:10,80.1437,1334.4325,16.6505
2018-02-27 16:26:41,80.0954,1334.31,16.659
2018-02-27 16:27:11,80.1031,1334.3175,16.6575
2018-02-27 16:27:42,80.1015,1334.29,16.6575
2018-02-27 16:28:13,80.1013,1334.2225,16.6567
2018-02-27 16:28:44,80.1114,1334.1825,16.6541
2018-02-27 16:29:15,80.1148,1334.2725,16.6545
2018-02-27 16:29:45,80.1102,1334.155,16.654
2018-02-27 16:30:16,80.1493,1334.165,16.646
2018-02-27 16:30:46,80.1097,1334.1225,16.6537
2018-02-27 16:31:17,80.1333,1334.0825,16.6483
2018-02-27 16:31:48,80.0887,1334.2225,16.6593
2018-02-27 16:32:18,80.0967,1334.1875,16.6572
2018-02-27 16:32:50,80.1264,1334.185,16.651
2018-02-27 16:33:20,80.1049,1334.1475,16.655
2018-02-27 16:33:51,80.0982,1334.035,16.655
2018-02-27 16:34:22,80.07,1333.9425,16.6597
2018-02-27 16:34:52,80.0673,1333.945,16.6603
2018-02-27 16:35:23,80.0694,1333.86,16.6588
2018-02-27 16:35:54,80.0974,1333.9175,16.6537
2018-02-27 16:36:25,80.1045,1333.86,16.6515
2018-02-27 16:36:55,80.0984,1333.895,16.6532
2018-02-27 16:37:27,80.0913,1334,16.656
2018-02-27 16:37:58,80.0992,1334.0525,16.655
2018-02-27 16:38:28,80.0855,1334.0075,16.6573
2018-02-27 16:38:59,80.0788,1333.9125,16.6575
2018-02-27 16:39:30,80.1194,1334.0675,16.651
2018-02-27 16:40:00,80.1129,1334.12,16.653
2018-02-27 16:40:31,80.1333,1334.035,16.6477
2018-02-27 16:41:08,80.1048,1333.985,16.653
2018-02-27 16:41:38,80.091,1334.115,16.6575
2018-02-27 16:42:09,80.1118,1334.1575,16.6537
2018-02-27 16:42:40,80.0861,1334.21,16.6597
2018-02-27 16:43:11,80.1103,1334.06,16.6528
2018-02-27 16:43:41,80.0813,1333.955,16.6575
2018-02-27 16:44:12,80.0786,1333.91,16.6575
2018-02-27 16:44:43,80.0768,1333.9025,16.6578
2018-02-27 16:45:14,80.0958,1333.995,16.655
2018-02-27 16:45:45,80.0857,1333.8275,16.655
2018-02-27 16:46:15,80.0797,1333.8075,16.656
2018-02-27 16:46:45,80.0976,1333.705,16.651
2018-02-27 16:47:15,80.0793,1333.72,16.655
2018-02-27 16:47:46,80.0892,1333.685,16.6525
2018-02-27 16:48:17,80.0975,1333.68,16.6507
2018-02-27 16:48:48,80.0916,1333.75,16.6528
2018-02-27 16:49:19,80.12,1333.9175,16.649
2018-02-27 16:49:50,80.1282,1333.95,16.6477
2018-02-27 16:50:20,80.0998,1334.0625,16.655
2018-02-27 16:50:50,80.1225,1334.055,16.6502
2018-02-27 16:51:21,80.1147,1334.03,16.6515
2018-02-27 16:51:53,80.084,1334.12,16.659
2018-02-27 16:52:24,80.1074,1334.1325,16.6543
2018-02-27 16:52:55,80.1215,1334.2225,16.6525
2018-02-27 16:53:25,80.074,1334.0575,16.6603
2018-02-27 16:53:56,80.0729,1333.7975,16.6573
2018-02-27 16:54:27,80.0549,1333.755,16.6605
2018-02-27 16:54:57,80.1152,1333.7575,16.648
2018-02-27 16:55:28,80.1059,1333.7225,16.6495
2018-02-27 16:55:58,80.0814,1333.755,16.655
2018-02-27 16:56:29,80.09,1333.7225,16.6528
2018-02-27 16:57:00,80.1085,1333.7425,16.6492
2018-02-27 16:57:30,80.0817,1333.825,16.6558
2018-02-27 16:58:01,80.0747,1333.805,16.657
2018-02-27 16:58:31,80.0887,1333.7975,16.654
2018-02-27 16:59:02,80.1212,1333.7375,16.6465
2018-02-27 16:59:32,80.1122,1333.82,16.6494
2018-02-27 17:00:03,80.0665,1333.8125,16.6588
2018-02-27 17:00:33,80.0917,1333.7025,16.6522
2018-02-27 17:01:04,80.0937,1333.76,16.6525
2018-02-27 17:01:36,80.0591,1333.785,16.66
2018-02-27 17:02:07,80.0579,1333.765,16.66
2018-02-27 17:02:37,80.0671,1333.7175,16.6575
2018-02-27 17:03:08,80.0588,1333.58,16.6575
2018-02-27 17:03:39,80.0465,1333.455,16.6585
2018-02-27 17:04:10,80.0694,1333.4125,16.6532
2018-02-27 17:04:41,80.0791,1333.5725,16.6532
2018-02-27 17:05:12,80.0718,1333.5725,16.6547
2018-02-27 17:05:42,80.079,1333.555,16.653
2018-02-27 17:06:13,80.0904,1333.61,16.6513
2018-02-27 17:06:44,80.0729,1333.655,16.6555
2018-02-27 17:07:14,80.0693,1333.6175,16.6558
2018-02-27 17:07:45,80.0532,1333.5425,16.6582
2018-02-27 17:08:16,80.0759,1333.56,16.6537
2018-02-27 17:38:42,80.0778,1333.5275,16.6529
2018-02-27 18:05:56,80.1439,1333.995,16.645
2018-02-27 18:06:28,80.1661,1333.9875,16.6403
2018-02-27 18:06:59,80.1606,1333.9925,16.6415
2018-02-27 18:07:30,80.1759,1334.0075,16.6385
2018-02-27 18:08:00,80.1793,1334.0625,16.6385
2018-02-27 18:08:31,80.201,1333.9825,16.633
2018-02-27 18:09:01,80.1402,1334.1025,16.6471
2018-02-27 18:09:32,80.1406,1334.1325,16.6474
2018-02-27 18:10:02,80.1396,1334.1,16.6472
2018-02-27 18:10:33,80.1541,1334.005,16.643
2018-02-27 18:11:03,80.1627,1333.9475,16.6405
2018-02-27 18:11:34,80.134,1333.95,16.6465
2018-02-27 18:12:05,80.1502,1333.915,16.6427
2018-02-27 18:12:35,80.14,1333.955,16.6453
2018-02-27 18:13:07,80.1446,1333.91,16.6438
2018-02-27 18:13:38,80.1417,1333.7425,16.6423
2018-02-27 18:14:08,80.236,1333.4825,16.6195
2018-02-27 18:14:38,80.1572,1333.375,16.6345
2018-02-27 18:15:09,80.1522,1333.3475,16.6352
2018-02-27 18:15:39,80.1649,1333.4225,16.6335
2018-02-27 18:16:10,80.1896,1333.3925,16.628
2018-02-27 18:16:41,80.222,1333.45,16.622
2018-02-27 18:17:11,80.228,1333.39,16.62
2018-02-27 18:17:41,80.2379,1333.4975,16.6193
2018-02-27 18:18:12,80.2518,1333.52,16.6167
2018-02-27 18:18:44,80.1861,1333.375,16.6285
2018-02-27 18:19:14,80.2387,1333.4225,16.6182
2018-02-27 18:19:45,80.2391,1333.205,16.6154
2018-02-27 18:20:15,80.205,1333.2075,16.6225
2018-02-27 18:20:46,80.2503,1333.2225,16.6133
2018-02-27 18:21:17,80.2693,1333.1775,16.6088
2018-02-27 18:21:47,80.2317,1333.21,16.617
2018-02-27 18:22:17,80.2617,1333.1475,16.61
2018-02-27 18:22:48,80.2081,1333.035,16.6197
2018-02-27 18:23:19,80.21,1333.09,16.62
2018-02-27 18:23:50,80.2199,1333.135,16.6185
2018-02-27 18:24:21,80.2263,1333.2,16.618
2018-02-27 18:24:52,80.238,1333.195,16.6155
2018-02-27 18:25:22,80.2396,1333.1975,16.6152
2018-02-27 18:25:54,80.2339,1333.1025,16.6152
2018-02-27 18:26:25,80.2116,1333.2375,16.6215
2018-02-27 18:26:55,80.2166,1333.32,16.6215
2018-02-27 18:27:26,80.219,1333.36,16.6215
2018-02-27 18:27:57,80.2346,1333.355,16.6182
2018-02-27 18:28:27,80.2421,1333.4225,16.6175
2018-02-27 18:28:58,80.2185,1333.4725,16.623
2018-02-27 18:29:30,80.2085,1333.2825,16.6227
2018-02-27 18:30:01,80.1719,1333.1225,16.6283
2018-02-27 18:30:31,80.1782,1333.0025,16.6255
2018-02-27 18:31:02,80.1679,1333.0075,16.6277
2018-02-27 18:31:33,80.1829,1333.1375,16.6262
2018-02-27 18:32:04,80.1985,1333.34,16.6255
2018-02-27 18:32:34,80.215,1333.2375,16.6208
2018-02-27 18:33:05,80.2048,1333.0675,16.6208
2018-02-27 18:33:35,80.179,1333,16.6253
2018-02-27 18:34:06,80.1658,1332.94,16.6273
2018-02-27 18:34:38,80.1673,1332.925,16.6268
2018-02-27 18:35:08,80.1859,1332.89,16.6225
2018-02-27 18:35:39,80.1853,1333,16.624
2018-02-27 18:36:10,80.1814,1332.935,16.624
2018-02-27 18:36:41,80.1876,1332.8375,16.6215
2018-02-27 18:37:12,80.1786,1332.785,16.6227
2018-02-27 18:37:43,80.1857,1332.75,16.6208
2018-02-27 18:38:13,80.1884,1332.795,16.6208
2018-02-27 18:38:44,80.1648,1332.78,16.6255
2018-02-27 18:39:15,80.1594,1332.69,16.6255
2018-02-27 18:39:45,80.1828,1332.655,16.6202
2018-02-27 18:40:16,80.1845,1332.6425,16.6197
2018-02-27 18:40:47,80.1936,1332.6975,16.6185
2018-02-27 18:41:18,80.1828,1332.735,16.6212
2018-02-27 18:41:50,80.1919,1332.87,16.621
2018-02-27 18:42:21,80.1871,1332.83,16.6215
2018-02-27 18:42:52,80.2002,1332.8225,16.6187
2018-02-27 18:43:23,80.1937,1332.94,16.6215
2018-02-27 18:43:54,80.2215,1333,16.6165
2018-02-27 18:44:25,80.1939,1333.0075,16.6223
2018-02-27 18:44:56,80.2034,1332.9,16.619
2018-02-27 18:45:26,80.1756,1332.775,16.6232
2018-02-27 18:45:58,80.1972,1332.7325,16.6182
2018-02-27 18:46:28,80.1771,1332.6075,16.6208
2018-02-27 18:46:59,80.1408,1332.405,16.6258
2018-02-27 18:47:30,80.1511,1332.3675,16.6232
2018-02-27 18:48:02,80.1679,1332.39,16.62
2018-02-27 18:48:33,80.1873,1332.5125,16.6175
2018-02-27 18:49:04,80.1866,1332.5575,16.6182
2018-02-27 18:49:35,80.2022,1332.495,16.6142
2018-02-27 18:50:06,80.1847,1332.71,16.6205
2018-02-27 18:50:37,80.1714,1332.69,16.623
2018-02-27 18:51:07,80.21,1332.825,16.6167
2018-02-27 18:51:38,80.2128,1332.8875,16.6169
2018-02-27 18:52:09,80.2246,1332.78,16.6131
2018-02-27 18:52:40,80.1919,1332.71,16.619
2018-02-27 18:53:11,80.199,1332.8275,16.619
2018-02-27 18:53:42,80.2099,1332.8875,16.6175
2018-02-27 18:54:13,80.2304,1332.8925,16.6133
2018-02-27 18:54:45,80.2423,1332.88,16.6107
2018-02-27 18:55:16,80.1898,1332.835,16.621
2018-02-27 18:55:47,80.186,1332.875,16.6223
2018-02-27 18:56:18,80.2224,1332.895,16.615
2018-02-27 18:56:49,80.1651,1332.785,16.6255
2018-02-27 18:57:19,80.1688,1332.87,16.6258
2018-02-27 18:57:51,80.1744,1332.82,16.624
2018-02-27 20:10:37,80.2091,1332.69,16.6152
2018-02-27 20:11:08,80.2208,1332.7075,16.613
2018-02-27 20:11:38,80.2282,1332.615,16.6103
2018-02-27 20:12:09,80.1847,1332.55,16.6185
2018-02-27 20:12:41,80.1945,1332.5125,16.616
2018-02-27 20:13:11,80.1995,1332.475,16.6145
2018-02-27 20:13:45,80.1893,1332.385,16.6155
2018-02-27 20:14:16,80.1955,1332.4475,16.615
2018-02-27 20:14:47,80.2209,1332.67,16.6125
2018-02-27 20:15:18,80.2404,1332.6725,16.6085
2018-02-27 20:15:49,80.2354,1332.71,16.61
2018-02-27 20:16:20,80.2254,1332.745,16.6125
2018-02-27 20:16:51,80.2378,1332.79,16.6105
2018-02-27 20:17:22,80.2307,1332.8975,16.6133
2018-02-27 20:17:53,80.2709,1332.8975,16.605
2018-02-27 20:18:24,80.2273,1332.7925,16.6127
2018-02-27 20:18:56,80.1864,1332.795,16.6212
2018-02-27 20:19:27,80.1931,1332.825,16.6202
2018-02-27 20:19:58,80.199,1332.9075,16.62
2018-02-27 20:20:29,80.1676,1332.81,16.6253
2018-02-27 20:21:00,80.1782,1332.8025,16.623
2018-02-27 20:21:31,80.1728,1332.9125,16.6255
2018-02-27 20:22:02,80.1464,1332.995,16.632
2018-02-27 20:22:32,80.1508,1333.0275,16.6315
2018-02-27 20:23:02,80.1801,1333.075,16.626
2018-02-27 20:23:33,80.1686,1332.875,16.6259
2018-02-27 20:24:12,80.1423,1332.9425,16.6322
2018-02-27 20:24:42,80.1447,1332.91,16.6313
2018-02-27 20:25:13,80.1646,1332.905,16.6271
2018-02-27 20:25:43,80.2083,1332.95,16.6186
2018-02-27 20:26:14,80.1396,1332.825,16.6313
2018-02-27 20:26:45,80.1538,1332.7975,16.628
2018-02-27 20:27:16,80.1136,1332.73,16.6355
2018-02-27 20:27:47,80.1405,1332.6725,16.6292
2018-02-27 20:28:18,80.1687,1332.74,16.6242
2018-02-27 20:28:49,80.1312,1332.59,16.6301
2018-02-27 20:29:20,80.1479,1332.7,16.628
2018-02-27 20:29:50,80.1558,1332.79,16.6275
2018-02-27 20:30:21,80.1785,1332.9675,16.625
2018-02-27 20:30:51,80.164,1332.87,16.6268
2018-02-27 20:31:22,80.1591,1332.805,16.627
2018-02-27 20:31:53,80.1407,1332.675,16.6292
2018-02-27 20:32:24,80.1403,1332.5975,16.6283
2018-02-27 20:32:55,80.123,1332.55,16.6313
2018-02-27 20:33:25,80.1265,1332.6075,16.6313
2018-02-27 20:33:56,80.1328,1332.545,16.6292
2018-02-27 20:34:27,80.139,1332.6475,16.6292
2018-02-27 20:34:57,80.1261,1332.6725,16.6322
2018-02-27 20:35:28,80.1517,1332.7625,16.628
2018-02-27 20:35:59,80.1714,1332.6975,16.6231
2018-02-27 20:36:30,80.1776,1332.8,16.6231
2018-02-27 20:37:01,80.1602,1332.88,16.6277
2018-02-27 20:37:33,80.1574,1332.89,16.6284
2018-02-27 20:38:04,80.1574,1332.89,16.6284
2018-02-27 20:38:35,80.1403,1332.79,16.6307
2018-02-27 20:39:06,80.1318,1332.7525,16.632
2018-02-27 20:39:37,80.1414,1332.855,16.6313
2018-02-27 20:40:08,80.1379,1332.7975,16.6313
2018-02-27 20:40:38,80.1567,1332.79,16.6273
2018-02-27 20:41:09,80.1485,1332.75,16.6285
2018-02-27 20:41:40,80.1488,1332.755,16.6285
2018-02-27 20:42:11,80.1228,1332.7625,16.634
2018-02-27 20:42:42,80.1157,1332.805,16.636
2018-02-27 20:43:13,80.1279,1332.8075,16.6335
2018-02-27 20:43:43,80.1082,1332.72,16.6365
2018-02-27 20:44:14,80.1226,1332.7025,16.6333
2018-02-27 20:44:45,80.1044,1332.6725,16.6367
2018-02-27 20:45:15,80.1005,1332.6075,16.6367
2018-02-27 20:45:46,80.1275,1332.6,16.631
2018-02-27 20:46:17,80.1107,1332.745,16.6363
2018-02-27 20:46:47,80.1576,1332.805,16.6273
2018-02-27 20:47:17,80.1366,1332.7525,16.631
2018-02-27 20:47:48,80.1244,1332.79,16.634
2018-02-27 20:48:19,80.1248,1332.74,16.6333
2018-02-27 20:48:50,80.0939,1332.5625,16.6375
2018-02-27 20:49:20,80.1011,1332.4975,16.6352
2018-02-27 20:49:51,80.1242,1332.6425,16.6322
2018-02-27 20:50:21,80.1061,1332.685,16.6365
2018-02-27 20:50:53,80.1099,1332.6925,16.6358
2018-02-27 20:51:23,80.137,1332.6625,16.6298
2018-02-27 20:51:55,80.11,1332.55,16.634
2018-02-27 20:52:25,80.1165,1332.6025,16.6333
2018-02-27 20:52:56,80.1126,1332.5525,16.6335
2018-02-27 20:53:27,80.1153,1332.4375,16.6315
2018-02-27 20:53:58,80.1278,1332.325,16.6275
2018-02-27 20:54:29,80.1328,1332.3675,16.627
2018-02-27 20:55:00,80.1337,1332.4225,16.6275
2018-02-27 20:55:31,80.1429,1332.44,16.6258
2018-02-27 20:56:01,80.1192,1332.4225,16.6305
2018-02-27 20:56:33,80.1093,1332.2575,16.6305
2018-02-27 20:57:04,80.1444,1332.4,16.625
2018-02-27 20:57:34,80.1453,1332.415,16.625
2018-02-27 20:58:05,80.1469,1332.4425,16.625
2018-02-27 20:58:35,80.1467,1332.4625,16.6253
2018-02-27 20:59:06,80.1449,1332.505,16.6262
2018-02-27 20:59:38,80.157,1332.4975,16.6236
2018-02-27 21:00:09,80.1598,1332.52,16.6233
2018-02-27 21:00:39,80.1495,1332.565,16.626
2018-02-27 21:01:10,80.1575,1332.4575,16.623
2018-02-27 21:01:41,80.1741,1332.3725,16.6185
2018-02-27 21:02:12,80.1456,1332.42,16.625
2018-02-27 21:02:43,80.1345,1332.5,16.6283
2018-02-27 21:03:14,80.1274,1332.3825,16.6283
2018-02-27 21:03:45,80.0819,1331.545,16.6273
2018-02-27 21:04:15,80.0916,1332.0275,16.6313
2018-02-27 21:04:45,80.1371,1331.7175,16.618
2018-02-27 21:05:16,80.0526,1331.235,16.6295
2018-02-27 21:05:46,80.15,1331.155,16.6083
2018-02-27 21:06:18,80.1148,1330.9875,16.6135
2018-02-27 21:06:48,80.1389,1330.77,16.6058
2018-02-27 21:07:19,80.1615,1330.36,16.596
2018-02-27 21:07:50,80.1195,1330.36,16.6047
2018-02-27 21:08:21,80.121,1330.145,16.6017
2018-02-27 21:08:51,80.1205,1330.105,16.6013
2018-02-27 21:09:22,80.1338,1329.965,16.5968
2018-02-27 21:09:53,80.1444,1329.9325,16.5942
2018-02-27 21:10:24,80.1326,1329.84,16.5955
2018-02-27 21:10:55,80.1677,1330.0225,16.5905
2018-02-27 21:11:26,80.1685,1330.035,16.5905
2018-02-27 21:11:57,80.1534,1330.145,16.595
2018-02-27 21:12:28,80.2015,1330.1425,16.585
2018-02-27 21:12:59,80.1935,1330.01,16.585
2018-02-27 21:13:29,80.165,1330.01,16.5909
2018-02-27 21:13:59,80.1414,1329.145,16.585
2018-02-27 21:14:31,80.1629,1329.0375,16.5792
2018-02-27 21:15:02,80.1649,1329.03,16.5787
2018-02-27 21:15:33,80.2171,1329.3575,16.572
2018-02-27 21:16:04,80.2571,1329.2575,16.5625
2018-02-27 21:16:34,80.1946,1329.225,16.575
2018-02-27 21:17:04,80.1354,1328.645,16.58
2018-02-27 21:17:35,80.1915,1328.7975,16.5703
2018-02-27 21:18:05,80.217,1328.795,16.565
2018-02-27 21:18:37,80.1871,1328.7,16.57
2018-02-27 21:19:08,80.2773,1328.83,16.553
2018-02-27 21:19:39,80.3281,1328.4425,16.5377
2018-02-27 21:20:10,80.2918,1328.4275,16.545
2018-02-27 21:20:40,80.3462,1328.5975,16.5359
2018-02-27 21:21:11,80.3097,1328.41,16.5411
2018-02-27 21:21:43,80.3417,1328.29,16.533
2018-02-27 21:22:13,80.3492,1328.2125,16.5305
2018-02-27 21:22:43,80.3155,1328.2575,16.538
2018-02-27 21:23:14,80.3176,1328.115,16.5358
2018-02-27 21:23:46,80.323,1328.14,16.535
2018-02-27 21:24:17,80.3325,1328.3375,16.5355
2018-02-27 21:24:48,80.3613,1328.2925,16.529
2018-02-27 21:25:19,80.3105,1328.335,16.54
2018-02-27 21:25:50,80.2919,1328.43,16.545
2018-02-27 21:26:22,80.3296,1328.675,16.5403
2018-02-27 21:26:53,80.3067,1328.69,16.5452
2018-02-27 21:27:23,80.2412,1328.3925,16.555
2018-02-27 21:27:53,80.2943,1327.9075,16.538
2018-02-27 21:28:25,80.2528,1327.6775,16.5437
2018-02-27 21:28:56,80.3233,1328.065,16.534
2018-02-27 21:29:27,80.2685,1327.825,16.5423
2018-02-27 21:29:58,80.2245,1327.795,16.551
2018-02-27 21:30:28,80.2553,1327.945,16.5465
2018-02-27 21:30:59,80.2597,1327.76,16.5433
2018-02-27 21:31:30,80.2773,1327.53,16.5368
2018-02-27 21:32:00,80.2056,1326.6,16.54
2018-02-27 21:32:31,80.2624,1327.355,16.5377
2018-02-27 21:33:04,80.2923,1326.4375,16.5201
2018-02-27 21:33:35,80.2472,1325.925,16.523
2018-02-27 21:34:05,80.209,1325.855,16.53
2018-02-27 21:34:35,80.2215,1325.885,16.5278
2018-02-27 21:35:06,80.2607,1325.385,16.5135
2018-02-27 21:35:38,80.2671,1325.41,16.5125
2018-02-27 21:36:09,80.2921,1325.4225,16.5075
2018-02-27 21:36:40,80.2686,1325.9575,16.519
2018-02-27 21:37:11,80.2852,1326.03,16.5165
2018-02-27 21:37:42,80.2381,1326.015,16.526
2018-02-27 21:38:12,80.2794,1326.015,16.5175
2018-02-27 21:38:43,80.2867,1327.54,16.535
2018-02-27 21:39:14,80.1709,1326.0275,16.54
2018-02-27 21:39:45,80.1879,1326.0275,16.5365
2018-02-27 21:40:16,80.1676,1326.0275,16.5407
2018-02-27 21:40:47,80.2881,1329.9725,16.565
2018-02-27 21:41:17,80.0455,1329.9725,16.6152
2018-02-27 21:41:48,80.1786,1329.65,16.5836
2018-02-27 21:42:20,80.0254,1329.3825,16.612
2018-02-27 21:42:50,80.2098,1329.1975,16.5715
2018-02-27 21:43:21,80.0677,1328.9875,16.5983
2018-02-27 21:43:51,79.9859,1328.885,16.614
2018-02-27 21:44:22,80.0624,1328.9075,16.5984
2018-02-27 21:44:52,79.9944,1328.9075,16.6125
2018-02-27 21:45:22,80.0265,1328.4,16.5995
2018-02-27 21:45:53,80.0599,1328.3625,16.5921
2018-02-27 21:46:24,80.0375,1328.2225,16.595
2018-02-27 21:46:55,80.0254,1328.405,16.5998
2018-02-27 21:47:26,80.0289,1328.495,16.6002
2018-02-27 21:47:57,80.0806,1328.4975,16.5895
2018-02-27 21:48:28,80.0293,1328.59,16.6013
2018-02-27 21:48:58,80.0349,1328.9,16.604
2018-02-27 21:49:29,80.0281,1328.8425,16.6047
2018-02-27 21:49:59,80.0638,1328.835,16.5972
2018-02-27 21:50:31,80.0747,1328.84,16.595
2018-02-27 21:51:01,80.0549,1329.0475,16.6017
2018-02-27 21:51:33,80.0458,1328.96,16.6025
2018-02-27 21:52:03,80.0349,1328.98,16.605
2018-02-27 21:52:33,80.0288,1329.0225,16.6068
2018-02-27 21:53:04,80.0423,1329.0625,16.6045
2018-02-27 21:53:34,79.9473,1329.0275,16.6238
2018-02-27 21:54:05,79.89,1329.29,16.639
2018-02-27 21:54:35,79.9135,1329.465,16.6363
2018-02-27 21:55:06,79.9869,1329.5825,16.6225
2018-02-27 21:55:37,80.0286,1329.635,16.6145
2018-02-27 21:56:08,80.0284,1329.6325,16.6145
2018-02-27 21:56:39,79.9244,1329.9175,16.6397
2018-02-27 21:57:10,79.9319,1329.6675,16.635
2018-02-27 21:57:41,79.9784,1329.6175,16.6247
2018-02-27 21:58:12,80.0011,1329.6175,16.62
2018-02-27 21:58:43,80.0189,1330.315,16.625
2018-02-27 21:59:14,79.9421,1329.8375,16.635
2018-02-27 21:59:46,79.9448,1329.985,16.6363
2018-02-27 22:00:17,79.9753,1329.43,16.623
2018-02-27 22:00:47,80.0272,1329.9875,16.6192
2018-02-27 22:01:18,80.0476,1329.55,16.6095
2018-02-27 22:01:49,79.947,1328.015,16.6112
2018-02-27 22:02:20,80.0406,1327.8975,16.5903
2018-02-27 22:02:51,80.0478,1327.8325,16.588
2018-02-27 22:03:21,79.9929,1327.8575,16.5997
2018-02-27 22:03:52,80.1529,1328.575,16.5755
2018-02-27 22:04:23,80.0486,1327.99,16.5898
2018-02-27 22:04:54,80.0675,1328.56,16.593
2018-02-27 22:05:25,80.1523,1329.245,16.584
2018-02-27 22:05:56,80.1275,1329.275,16.5895
2018-02-27 22:06:27,80.1705,1329.5475,16.584
2018-02-27 22:06:57,80.1791,1329.37,16.58
2018-02-27 22:07:28,80.1334,1329.1725,16.587
2018-02-27 22:07:58,80.0728,1329.2325,16.6003
2018-02-27 22:08:29,80.085,1328.995,16.5948
2018-02-27 22:08:59,80.1177,1329.1525,16.59
2018-02-27 22:09:29,80.1192,1329.0575,16.5885
2018-02-27 22:10:01,80.1057,1328.89,16.5892
2018-02-27 22:10:32,80.0771,1328.84,16.5945
2018-02-27 22:11:03,80.1141,1328.9325,16.588
2018-02-27 22:11:34,80.1265,1329.035,16.5867
2018-02-27 22:12:05,80.1658,1329.085,16.5792
2018-02-27 22:12:35,80.1058,1328.8825,16.5891
2018-02-27 22:13:06,80.147,1328.7975,16.5795
2018-02-27 22:13:37,80.1307,1328.8075,16.583
2018-02-27 22:14:07,80.1208,1328.435,16.5804
2018-02-27 22:14:39,80.1397,1328.475,16.577
2018-02-27 22:15:09,80.1468,1328.4175,16.5748
2018-02-27 22:15:40,80.1232,1328.2025,16.577
2018-02-27 22:16:11,80.1353,1328.1625,16.574
2018-02-27 22:16:42,80.1506,1328.24,16.5718
2018-02-27 22:17:12,80.1803,1328.3475,16.567
2018-02-27 22:17:42,80.1323,1328.5775,16.5798
2018-02-27 22:18:14,80.1801,1328.64,16.5707
2018-02-27 22:18:45,80.1862,1328.485,16.5675
2018-02-27 22:19:15,80.1445,1328.395,16.575
2018-02-27 22:19:46,80.1408,1328.1175,16.5723
2018-02-27 22:20:17,80.1317,1327.7425,16.5695
2018-02-27 22:20:47,80.152,1327.8775,16.567
2018-02-27 22:21:18,80.1824,1327.78,16.5595
2018-02-27 22:21:49,80.1411,1327.8425,16.5688
2018-02-27 22:22:19,80.1649,1327.835,16.5638
2018-02-27 22:22:50,80.1555,1327.88,16.5663
2018-02-27 22:23:21,80.1275,1328.1375,16.5753
2018-02-27 22:23:52,80.1491,1328.07,16.57
2018-02-27 22:24:23,80.167,1328.19,16.5678
2018-02-27 22:24:54,80.1578,1328.055,16.568
2018-02-27 22:25:24,80.1958,1328.2825,16.563
2018-02-27 22:25:54,80.1719,1328.2725,16.5678
2018-02-27 22:26:25,80.1886,1328.3075,16.5648
2018-02-27 22:26:56,80.1355,1328.23,16.5748
2018-02-27 22:27:26,80.1602,1328.295,16.5705
2018-02-27 22:27:56,80.1577,1328.2125,16.57
2018-02-27 22:28:27,80.1176,1327.8525,16.5738
2018-02-27 22:28:57,80.1611,1327.885,16.5652
2018-02-27 22:29:28,80.1475,1328.0675,16.5703
2018-02-27 22:29:59,80.1998,1328.02,16.5589
2018-02-27 22:53:41,80.119,1326.81,16.5605
2018-02-27 22:54:11,80.1863,1326.8025,16.5465
2018-02-27 22:54:42,80.1797,1326.6525,16.546
2018-02-27 22:55:13,80.1967,1326.75,16.5437
2018-02-27 22:55:43,80.1734,1326.725,16.5482
2018-02-27 22:56:14,80.2136,1326.6925,16.5395
2018-02-27 22:56:45,80.2121,1326.6275,16.539
2018-02-27 22:57:16,80.2149,1326.69,16.5392
2018-02-27 22:57:47,80.1927,1326.6675,16.5435
2018-02-27 22:58:18,80.1916,1326.61,16.543
2018-02-27 22:58:49,80.2095,1326.705,16.5405
2018-02-27 22:59:19,80.2071,1326.625,16.54
2018-02-27 22:59:50,80.2335,1326.605,16.5343
2018-02-27 23:00:21,80.1862,1326.64,16.5445
2018-02-27 23:00:52,80.2241,1326.69,16.5373
2018-02-27 23:01:23,80.2362,1326.625,16.534
2018-02-27 23:01:54,80.2253,1326.47,16.5343
2018-02-27 23:02:25,80.2558,1326.4275,16.5275
2018-02-27 23:02:55,80.2315,1326.4275,16.5325
2018-02-27 23:03:25,80.2352,1326.4475,16.532
2018-02-27 23:03:57,80.1963,1325.42,16.5272
2018-02-27 23:04:27,80.3039,1326.38,16.517
2018-02-27 23:04:58,80.2087,1325.0725,16.5203
2018-02-27 23:05:30,80.2088,1325.05,16.52
2018-02-27 23:06:01,80.2731,1325.0525,16.5068
2018-02-27 23:06:32,80.2277,1324.96,16.515
2018-02-27 23:07:03,80.2137,1324.97,16.518
2018-02-27 23:07:35,80.2407,1324.935,16.512
2018-02-27 23:08:06,80.2817,1324.97,16.504
2018-02-27 23:08:44,80.2635,1325.11,16.5095
2018-02-27 23:09:15,80.2462,1325.185,16.514
2018-02-27 23:09:45,80.2411,1325.3425,16.517
2018-02-27 23:10:16,80.3185,1325.4725,16.5027
2018-02-27 23:10:47,80.2934,1325.3875,16.5068
2018-02-27 23:11:18,80.2757,1325.335,16.5098
2018-02-27 23:11:49,80.2954,1325.42,16.5068
2018-02-27 23:12:20,80.3162,1325.98,16.5095
2018-02-27 23:12:52,80.2895,1325.765,16.5123
2018-02-27 23:13:22,80.2758,1325.915,16.517
2018-02-27 23:13:53,80.2442,1325.955,16.524
2018-02-27 23:14:24,80.2834,1326,16.5165
2018-02-27 23:14:54,80.3157,1325.9725,16.5095
2018-02-27 23:15:26,80.3235,1326.1,16.5095
2018-02-27 23:15:56,80.2831,1326.06,16.5173
2018-02-27 23:16:27,80.2461,1326.0675,16.525
2018-02-27 23:16:58,80.25,1326.0675,16.5242
2018-02-27 23:17:29,80.2558,1325.385,16.5145
2018-02-27 23:17:59,80.3074,1326.035,16.512
